PMID,Transcript,ENSEMBL ID,Biotype,Direction,Disease,Fluid,Patients,Controls,Method,Primer F,Primer R,,Date Annotated,Notes
26139386,NEAT1,ENSG00000245532,lncRNA,,HIV,Plasma,59 (31 no HAART / 28 HAART),21,qRTPCR,,,,2015-07-18,
26139386,MALAT1,ENSG00000279576,lncRNA,,HIV,Plasma,,,qRTPCR,,,,2015-07-18,
26096073,H19,ENSG00000130600,lncRNA,up,Gastric Cancer,Plasma,70,70,qRTPCR,,,,2015-07-18,
25608466,POU3F3,ENSG00000235597,lncRNA,up,esophageal squamous cell carcinoma,Plasma,,,,,,,2015-07-18,Need to check which gene exactly this is
25608466,HNF1A-AS1,ENSG00000241388,lncRNA,up,esophageal squamous cell carcinoma,Plasma,,,,,,,2015-07-18,
25608466,SPRY4-IT1,ENSG00000281881,lncRNA,up,esophageal squamous cell carcinoma,Plasma,,,,,,,2015-07-18,
25476897,Linc00974,ENSG00000226629.1,lncRNA,,hepatocellular carcinoma,Plasma,,,,,,,2015-07-18,
24961353,FER1L4,ENSG00000088340,lncRNA,Only changes after surgery,Gastric Cancer,Plasma,,,qRTPCR,,,,2015-07-18,
24519926,PCAT18,ENSG00000265369,lncRNA,up,metastatic prostate cancer,Plasma,,,,,,,2015-07-18,
23762823,HULC,ENSG00000276019,lncRNA,up,hepatocellular carcinoma,Plasma,,,,,,,2015-07-18,
23726266,MALAT1,ENSG00000279576,lncRNA,up,prostate cancer,Plasma,,,,,,,2015-07-18,
24663402,LIPCAR,,lncRNA,,heart failure,Plasma,,,,TAAAGGATGCGTAGGGATGG,TTCATGATCACGCCCTCATA,,2015-07-18,
25929808,RP11-445H22.4,ENSG00000244558,lncRNA,up,breast cancer,Serum,,,qRTPCR,,,,2015-07-18,
25597901,FR0348383,,lncRNA,up,prostate cancer,Urine,,,,,,,2015-07-18,
25526029,MALAT-1,ENSG00000279576,lncRNA,up,prostate cancer,Urine,,,,,,,2015-07-18,
25391424,LINC00152,ENSG00000222041,lncRNA,up,Gastric Cancer,Plasma,,,,,,,2015-07-18,
25157805,XIST,ENSG00000229807,lncRNA,up,glomerular nephritis,Urine,,,,,,,2015-07-18,
25694351,CUDR (UCA1),ENSG00000273782,lncRNA,up,Gastric Cancer,Serum,,,qRTPCR,GCTGACTCTCTTTTCAGACTCAGCC,TTTCGTCTGACTCTTTTAGGAAGATTTC,,2015-07-18,
25694351,LSINCT-5,ENSG00000281560,lncRNA,up,Gastric Cancer,Serum,,,qRTPCR,,,,2015-07-18,
25694351,PTENP1,ENSG00000237984,lncRNA,up,Gastric Cancer,Serum,,,qRTPCR,,,,2015-07-18,
25294924,TapSAKI,ENSG00000227188,lncRNA,up,acute kidney injury,Plasma,,,,,,,2015-07-18,Check gene profiling method
24986041,AA174084,,lncRNA,down,Gastric Cancer,Gastric Juice,,,,,,,2015-07-18,
25501706,lncRNA-uc003wbd,,lncRNA,up,hepatocellular carcinoma,Serum,,,,,,,2015-07-18,
25501706,AF085935,,lncRNA,up,hepatocellular carcinoma,Serum,,,,,,,2015-07-18,
24583225,LincRNA-p21,,lncRNA,,CLL,Plasma,,,,GGGTGGCTCACTCTTCTGGC,TGGCCTTGCCCGGGCTTGTC,,2015-07-18,
24583225,TUG1,ENSG00000253352,lncRNA,up,Multiple myeloma,Plasma,,,,,,,2015-07-18,
23898077,H19,ENSG00000130600,lncRNA,up,Gastric Cancer,Plasma,,,,,,,2015-07-18,
16914571,UCA1,ENSG00000273782,lncRNA,up,bladder transitional cell carcinoma,Urine sediments,,,qRTPCR,,,,2015-07-18,
